|Adamus || [[Adam]]
|-
|Adelmarus || [[Elmer]]
|-
|Adrianus || [[Adrian]]
|-
|�gidius || [[Giles]]
|-
|�milia || [[Emily]]
|-
|�milius || [[Emile]]
|-
|Alanus || [[Alan]]
|-
|Albanus || [[Alban]]
|-
|Albertus || [[Albert]]
|-
|Albinus || [[Albin]]
|-
|Alcuinus || [[Alcuin]]
|-
|Alexius || [[Alexis]], [[Alex]]
|-
|Alfredus || [[Alfred]]
|-
|Alfridus || [[Alfred]]
|-
|Alicia || [[Alice]]
|-
|Aloysius || [[Aloys]], [[Llewelyn]] (Welsh)
|-
|Alphonsus || [[Alphonse]], [[Alphonso]]
|-
|Aluinus || [[Alvin]], [[Elvin]]
|-
|Amabilia || [[Mabel]]
|-
|Amata || [[Amy]], [[Aimee]] (French)
|-
|Ambrosius || [[Ambrose]], [[Emrys]] (Welsh)
|-
|Americus || [[Emery]], [[Emeric]]
|-
|Anatolius || [[Anatole]]
|-
|Andreas || [[Andrew]], [[Andr�]] (French)
|-
|Anna || [[Ann]], [[Anne]], [[Hannah]]
|-
|Ansgarus || [[Oscar]]
|-
|Anselmus || [[Anselm]]
|-
|Antonius || [[Anthony]]
|-
|Archibaldus || [[Archibald]]
|-
|Arduinus || [[Hardwin]]
|-
|Armandus || [[Herman]]
|-
|Arnaldus || [[Arnold]]
|-
|Arnoldus || [[Arnold]]
|-
|Arnulfus || [[Arnulf]]
|-
|Arthurus || [[Arthur]]
|-
|Artorius || [[Arthur]]
|-
|Augustinus || [[Austin]], [[Augustine]]
|-
|Baldovinus || [[Baldwin]]
|-
|Barnabas || [[Barnaby]]
|-
|Basilius || [[Basil]]
|-
|Beatrix || [[Beatrice]]
|-
|Benedictus|| [[Benedict]], [[Benedick]]
|-
|Bernardus || [[Bernard]]
|-
|Berylia || [[Beryl]]
|-
|Blanca || [[Blanche]], [[Bianca]]
|-
|Blasius || [[Blase]], [[Blaise]]
|-
|Bonifatius || [[Boniface]]
|-
|Brigitta || [[Bridget]], [[Brigitte]] (French)
|-
|C�cilia || [[Cecilia]], [[Cicely]], [[Sheila]] (Celtic)
|-
|C�cilius || [[Cecil]]
|-
|Caritas || [[Charity]]
|-
|Carola || [[Carol]], [[Carole]], [[Charlotte]] (French)
|-
|Carolus || [[Charles]], [[Carl]]
|-
|Catharina || [[Catherine]], [[Katherine]]
|-
|Christina || [[Christine]]
|-
|Christianus || [[Christian]]
|-
|Christophorus || [[Christopher]]
|-
|Clara || [[Clare]], [[Claire]] (French)
|-
|Claudia || [[Claudette]], [[Claudia]]
|-
|Claudius || [[Claude]]
|-
|Clemens || [[Clement]]
|-
|Clementina || [[Clementine]]
|-
|C.lestina || [[Celeste]]
|-
|Colomanus || [[Coleman]]
|-
|Conradus || [[Conrad]]
|-
|Constans || [[Constant]]
|-
|Constantia || [[Constance]]
|-
|Constantinus || [[Constantine]]
|-
|Crispinus || [[Crispin]]
|-
|Cyrillus || [[Cyril]]
|-
|Dionysia || [[Denise]]
|-
|Dionysius || [[Dennis]], [[Dion]]
|-
|Dominicus || [[Dominic]], [[Dominick]]
|-
|Donivaldus || [[Donald]]
|-
|Dorothea || [[Dorothy]]
|-
|Edmundus || [[Edmund]], [[Edmond]]
|-
|Eduardus || [[Edward]], [[Edouard]] (French)
|-
|Eleonora || [[Eleanor]], [[Elinor]]
|-
|Elias || [[Elijah]], [[Elliot]]
|-
|Elisabeth || [[Elizabeth]], [[Elisabeth]]
|-
|Eloisa || [[Heloise]]
|-
|Erica || [[Heather]]
|-
|Ericus || [[Eric]]
|-
|Ernestus || [[Ernest]]
|-
|Eugenius || [[Eugene]]
|-
|Eva || [[Eve]]
|-
|Everardus || [[Everett]]
|-
|Fabianus || [[Fabian]]
|-
|Felicia || [[Felicia]]
|-
|Felicitas || [[Felicity]]
|-
|Ferdinandus || [[Ferdinand]]
|-
|Fides || [[Faith]]
|-
|Florentia || [[Florence]]
|-
|Franciscus || [[Francis]], [[Frank]]
|-
|Fridericus || [[Frederick]]
|-
|Galfridus || [[Walfred]]
|-
|Gasparus || [[Jasper]], [[Casper]]
|-
|Gaudentia || [[Joy]], [[Joyce]]
|-
|Georgius || [[George]]
|-
|Geraldus || [[Gerald]]
|-
|Gerardus || [[Gerard]]
|-
|Gertrudis || [[Gertrude]]
|-
|Gervasius || [[Jarvis]], [[Gervase]]
|-
|Gilbertus || [[Wilbert]], [[Wilbur]], [[Gilbert]]
|-
|Gloria || [[Gloria]], [[Glorie]]
|-
|Godefridus || [[Geoffrey]], [[Godfrey]], [[Jeffrey]]
|-
|Gratia || [[Grace]]
|-
|Gregorius || [[Gregory]]
|-
|Gualcherius || [[Walter]]
|-
|Gualterus || [[Walter]]
|-
|Guerinus || [[Warren]]
|-
|Guernerus || [[Warner]]
|-
|Guglielmus || [[William]], [[Guillaume]] (French)
|-
|Guido || [[Guy]]
|-
|Gulielmus || [[William]], [[Guillaume]] (French)
|-
|Gustavus || [[Gustave]], [[Gustav]]
|-
|Hacuinus || [[Hacon]], [[Hagan]]
|-
|Hadrianus || [[Adrian]]
|-
|Harmonia || [[Harmony]]
|-
|Haraldus || [[Harold]]
|-
|Helena || [[Helen]], [[Eileen]]
|-
|Henricus || [[Henry]]
|-
|Henrica || [[Henrietta]], [[Harriet]]
|-
|Herbertus || [[Herbert]]
|-
|Heribertus || [[Herbert]]
|-
|Hermanus || [[Herman]]
|-
|Hieronymus || [[Jerome]]
|-
|Hilaria || [[Hilary]], [[Hillary]]
|-
|Hilarius || [[Hilary]], [[Hillary]]
|-
|Homerus || [[Homer]]
|-
|Honoria || [[Honor]]
|-
|Horatius || [[Horace]], [[Horatio]]
|-
|Huardus || [[Howard]]
|-
|Hubertus || [[Hubert]]
|-
|Hugo || [[Hugo]]
|-
|Hyacintha || [[Hyacinth]], [[Jacinth]]
|-
|Ignatius || [[Ignatius]], [[Ignace]]
|-
|Iolantha || [[Yolanda]]
|-
|Isaac || [[Isaac]]
|-
|Isai || [[Jesse]]
|-
|Ishachus || [[Isaac]]
|-
|Isidorus || [[Isidore]]
|-
|Jacoba || [[Jacqueline]], [[Jackie]]
|-
|Jacobus || [[James]], [[Jack]], [[Jacques]] (French)
|-
|Jacomus || [[James]]
|-
|Jeremias || [[Jeremy]]
|-
|Jesaias || [[Isaiah]]
|-
|Johanna || [[Joan]], [[Jane]], [[Janet]] (English), [[Jeanne]] (French), [[Jean]] (Scots), [[Siobhan]], [[Sinead]] (Irish)
|-
|Johannes || [[John]] (English), [[Jean]] (French),  [[Sean]] (Irish)
|-
|Jonas || [[Jonah]]
|-
|Jordanus || [[Jordan]]
|-
|Josephina || [[Josephine]]
|-
|Josephus || [[Joseph]]
|-
|Josua || [[Joshua]]
|-
|Julia || [[Julie]]
|-
|Juliana || [[Gillian]], [[Jill]], [[Julianna]]
|-
|Julianus || [[Julian]]
|-
|Julius || [[Jules]]
|-
|Justina || [[Justine]]
|-
|Justinus || [[Justin]]
|-
|Ladislaus || [[Vladislav]]
|-
|Laurentius || [[Laurence]], [[Lawrence]]
|-
|Leo || [[Leon]], [[Leo]]
|-
|Leonardus || [[Leonard]]
|-
|Leopoldus || [[Leopold]]
|-
|Livius || [[Livy]], [[Liv]]
|-
|Lotharius || [[Luther]]
|-
|Lucas || [[Luke]]
|-
|Lucia || [[Lucy]], [[Lucille]] (French)
|-
|Ludovica || [[Louisa]], [[Louise]] (French) 
|-
|Ludovicus || [[Lewis]] (English), [[Louis]] (French), [[Clovis]]
|-
|Magdalena || [[Magdalen]], [[Madeleine]] (French)
|-
|Marcellus || [[Marcel]]
|-
|Marcus || [[Mark]]
|-
|Margaretha || [[Margaret]]
|-
|Martinus || [[Martin]]
|-
|Maria || [[Mary]], [[Marie]] (French)
|-
|Marianna || [[Marian]], [[Marianne]]
|-
|Mathilda || [[Matilda]], [[Maude]]
|-
|Matthaeus || [[Matthew]], [[Mathieu]] (French)
|-
|Mauritius || [[Maurice]], [[Morris]]

|-
|Maximus || [[Maxime]]
|-
|Maximilianus || [[Maximilian]]
|-
|Nicola || [[Nicole]]
|-
|Nicolaus || [[Nicholas]]
|-
|Natalia || [[Natalie]]
|-
|Natalis || [[Noel]]
|-
|Norbertus || [[Norbert]]
|-
|Oliverus || [[Oliver]]
|-
|Onuphrius || [[Humphrey]]
|-
|Pancratius || [[Pancras]]
|-
|Paschalis || [[Pascal]]
|-
|Patricius || [[Patrick]] (English), [[Patrice]] (French), [[Padraig]] (Gaelic)
|-
|Paula || [[Paula]], [[Paulette]]
|-
|Paulus || [[Paul]]
|-
|Perla || [[Pearl]]
|-
|Petrus || [[Peter]], [[Pierre]] (French)
|-
|Philippus || [[Philip]], [[Phillip]]
|-
|Prudentia || [[Prudence]]
|-
|Quintinus || [[Quentin]]
|-
|Raimundus || [[Raymond]]
|-
|Renata || [[Renee]], [[Renée]]
|-
|Renatus || [[Rene]]
|-
|Ricardus || [[Richard]]
|-
|Robertus || [[Robert]]
|-
|Rochus || [[Rocky]]
|-
|Rodgerus || [[Roger]], [[Rodger]]
|-
|Rolandus || [[Roland]], [[Orlando]]
|-
|Romanus || [[Roman]]
|-
|Ronaldus || [[Ronald]]
|-
|Rosa || [[Rose]]
|-
|Rubina || [[Ruby]]
|-
|Rudolphus || [[Rudolph]]
|-
|Rupertus || [[Robert]], [[Rupert]]
|-
|Salomo || [[Solomon]]
|-
|Sara || [[Sarah]]
|-
|Saulus || [[Saul]]
|-
|Sergius || [[Serge]]
|-
|Servatius || [[Servatius]]
|-
|Sidonius || [[Sidney]]
|-
|Simona || [[Simone]]
|-
|Simonis || [[Simon]]
|-
|Spes || [[Hope]]
|-
|Stanislaus || [[Stanley]], [[Stanislav]]
|-
|Stephania || [[Stephanie]]
|-
|Stephanus || [[Stephen]], [[Steven]], [[Etienne]] (French)
|-
|Suenius || [[Swain]]
|-
|Susanna || [[Susan]], [[Suzanne]] (French)
|-
|Sybilla || [[Sybil]]
|-
|Tancredus || [[Tancred]]
|-
|Terentius || [[Terence]]
|-
|Theobaldus || [[Theobald]]
|-
|Theodoricus || [[Derek]]
|-
|Theodorus || [[Theodore]]
|-
|Theresia || [[Theresa]], [[Teresa]], [[Therese]] (French)
|-
|Timotheus || [[Timothy]]
|-
|Tobias || [[Toby]], [[Tobiah]]
|-
|Tullius || [[Tully]]
|-
|Ulricus || [[Ulric]], [[Ulrich]]
|-
|Valentinus || [[Valentine]]
|-
|Vergilius || [[Vergil]]
|-
|Veritas || [[Verity]], [[Truth]]
|-
|Victoria || [[Victory]], [[Victoria]]
|-
|Vincentius || [[Vincent]]
|-
|Viola || [[Violet]]
|-
|Virgilius || [[Virgil]]
|-
|Vitus || [[Guy]]
|-
|Viviana || [[Vivian]], [[Vivienne]] (French)
|-
|Vivianus || [[Vivian]]
|-
|Xaverus || [[Xavier]]
|-
|Zacharias || [[Zachary]]
